Title,Sender,Sender Email,Date
=?UTF-8?Q?SUPER_PRICE_DROP_on_Flights_Tickets_=E2=9C=88=F0=9F=8E=AB?=,Goibibo <noreply@content.goibibo.com>,noreply@content.goibibo.com,"Sun, 11 Jun 2023 13:26:28 +0530"
=?UTF-8?Q?=E2=80=9Cdata_analyst=E2=80=9C:_30+_opportunities?=,LinkedIn Job Alerts <jobalerts-noreply@linkedin.com>,jobalerts-noreply@linkedin.com,"Sun, 11 Jun 2023 04:38:41 +0000 (UTC)"
Time to know more about our Doctorate Program,upGrad <info@updates.upgrad.com>,info@updates.upgrad.com,"Sun, 11 Jun 2023 03:35:22 +0000 (UTC)"
"I Used ChatGPT (Every Day) for 5 Months. Here Are Some Hidden Gems
 That Will Change Your Life | Diana Dovgopol in Artificial Corner",Medium Daily Digest <noreply@medium.com>,noreply@medium.com,"Sun, 11 Jun 2023 02:10:00 +0000 (UTC)"
Alvear Belts | New Collection,Gaucho - Buenos Aires <hello@gauchobuenosaires.com>,hello@gauchobuenosaires.com,"Sat, 10 Jun 2023 16:04:13 +0000 (UTC)"
E-account statement for your SBI account(s).,cbssbi.cas@alerts.sbi.co.in,cbssbi.cas@alerts.sbi.co.in,"Sat, 10 Jun 2023 19:27:12 +0530"
Looking for therapy?,EaseMyTrip <info@easemytrip.com>,info@easemytrip.com,"Sat, 10 Jun 2023 18:01:50 +0530"
AutoML: Automated Machine Learning Explained,Team Scaler <hello@scaler.com>,hello@scaler.com,"Sat, 10 Jun 2023 11:34:02 +0000 (UTC)"
Your next trip: Coastal getaways,"""Tripadvisor"" <inspiration@mp1.tripadvisor.com>",inspiration@mp1.tripadvisor.com,"Sat, 10 Jun 2023 08:06:38 +0000"
=?UTF-8?Q?=F0=9F=98=8E_Are_you_a_Bargain_Hunter=3F?=,EaseMyTrip <info@easemytrip.com>,info@easemytrip.com,"Sat, 10 Jun 2023 12:50:31 +0530"
"=?UTF-8?Q?LIVE:_UP_TO_45%_OFF_on_Travel_Bookings=E2=9C=88=EF=B8=8F?=
 =?UTF-8?Q?=F0=9F=8F=A8=F0=9F=9A=8C=F0=9F=9A=95?=",Goibibo <noreply@content.goibibo.com>,noreply@content.goibibo.com,"Sat, 10 Jun 2023 11:43:06 +0530"
=?UTF-8?Q?=E2=80=9Cdata_analyst=E2=80=9C:_30+_opportunities?=,LinkedIn Job Alerts <jobalerts-noreply@linkedin.com>,jobalerts-noreply@linkedin.com,"Sat, 10 Jun 2023 04:48:01 +0000 (UTC)"
"Part 1: Eight Major Methods For FineTuning an LLM | Bruce H. Cottman,
 Ph.D.",Medium Daily Digest <noreply@medium.com>,noreply@medium.com,"Sat, 10 Jun 2023 02:10:00 +0000 (UTC)"
Improve Your Communication Skills with Michigan Online,"""University of Michigan"" <no-reply@m.mail.coursera.org>",no-reply@m.mail.coursera.org,"Fri, 09 Jun 2023 22:34:22 +0000"
New jobs similar to Data Analyst at Volvo Group,LinkedIn <jobs-noreply@linkedin.com>,jobs-noreply@linkedin.com,"Fri, 9 Jun 2023 19:09:16 +0000 (UTC)"
